Name,Surname,Tel,LastAccess
Thayne,Becarra,146-342-3925,3561964875497994
Garth,Malkin,458-839-8784,3550936036105537
Arther,Markwick,797-495-2055,56022518914448714
Alverta,Just,308-275-4158,3573030344205339
Marie-ann,Drew-Clifton,295-772-3097,5007660576732211
Doralin,Pietrowski,166-466-7701,30556896075319
Marie-ann,Hulburt,321-261-9887,4405827386801939
Thorndike,Peskett,366-908-4041,5602253116166198016
Harris,Mulvany,438-283-9082,4017958032716
Melanie,Wetton,216-735-3707,30589285887101
Emery,Waywell,234-333-4950,490542502639977654
Lita,Sambiedge,869-607-3439,30477457641664
Dalia,Calcut,514-935-2971,3579902898678406
Sophey,Hariot,503-190-5281,56022327270556338
Ermina,Kamall,676-982-8889,67063942220665737
Christopher,Murrell,828-334-6320,4913137676549981
Valentino,Sydry,608-811-2891,5010122733623085
Esme,Youens,222-162-5526,560222488598857474
James,Janaszkiewicz,108-893-8116,3542907917401098
Garrek,Caccavella,288-163-9052,5007664508389652
Alexander,Crocket,266-396-9388,5893992273351671926
Alonzo,Towler,953-463-4476,3570798415527327
Hermie,Carlone,452-495-9638,490520203785736285
Cazzie,Streets,170-685-6057,372301649931773
Savina,Burkitt,882-126-3203,3580712593516950
Jeanna,Wallbanks,364-446-0819,6759729251075050405
Toddy,Gemlett,424-218-3430,30028240396759
Juliane,Gristock,937-433-7454,337941739706785
Cami,Heisham,225-700-1885,3579217056034403
Mirna,Peltz,567-644-2017,5174025713724629
Sutton,Greenrod,947-356-5271,3529158803159740
Zackariah,Cruickshanks,326-455-7826,50384112638966295
Bevon,Climer,675-631-9479,6759516316697437
Sharyl,Kneebone,438-358-6777,5602227755622741720
Nigel,Donnett,580-303-9985,4903923186444136214
Bearnard,Heazel,540-445-8357,676760830865123308
Arielle,Freake,167-844-1736,3578460316498254
Efrem,Gwyer,645-375-4939,3543270842340058
Mariette,Labb,278-628-2701,5602230494128229809
Muriel,Tuiller,600-346-1734,3565692968840145
Lucia,Onians,542-813-2225,30569682546476
Ingeborg,Ludl,626-679-7489,30211580743075
Madelin,Chaffey,497-527-7439,56022477993861729
Benny,Prayer,106-653-6250,3567592881695782
Pegeen,Johncey,503-421-7129,30053472126831
Binky,Gibard,920-137-1077,3572459301189411
Les,Lawday,545-606-6722,3568188291501592
Jocelin,O'Caherny,801-932-7312,3566476097513354
Bartlet,Cursons,381-828-8124,6759515754221387
Anton,Stoffler,547-858-0193,347163598404331
Arther,Swinfon,281-344-3105,4508435067661253
Mauricio,Bonsall,363-826-5504,3557978504141399
Hally,Heake,860-124-4403,4026518274284994
Hewet,Frye,968-876-5584,5602245836619967
Zebedee,Barbery,606-813-8969,6706125612928238391
Viola,Whitely,787-917-8467,5010127279266397
Noby,Fetherstone,321-906-2923,3563641442336164
Talya,Karpol,861-422-0069,633440465466139194
Maria,Soans,807-319-4166,3583961795694738
Siouxie,Elmore,120-632-2724,3551487981528397
Dmitri,Stanlick,676-427-5883,3528334319605374
Gratia,Thorns,541-966-6303,58930534912102911
Lisette,Auger,626-152-9453,5602215153075416
Philis,Crumly,574-550-3276,3548152784661458
Mandel,Oakwell,464-568-9580,3530702617201631
Jordan,Devorill,652-240-9531,3587432408991743
Lynde,Vezey,728-300-6529,5641828357012881587
Ainslee,Highway,893-726-1660,374622127298809
Alia,Foden,233-409-9817,3553608607984114
Idalina,Grahamslaw,558-479-8609,30234763509550
Vale,Conachy,548-324-5139,5602237693585647907
Zebedee,Grece,313-642-9890,3564827011412929
Cynthy,Lander,977-720-7379,5602257919126943
Danyelle,Antoniades,249-491-6515,6390786920576666
Peg,Madner,812-193-0139,3541790690095167
Stanton,Idell,474-339-3807,3563696311773616
Caryl,Elecum,129-198-3516,3548512537978543
Timmi,Barles,942-752-3673,675935379668505511
Debi,Fishenden,861-522-2255,3563317213047922
Urson,Pover,119-268-5595,3553838854981204
Glen,McNeachtain,640-741-6242,3530132901876502
Leah,Fraine,630-725-5846,50206598064328875
Rawley,MacGall,956-533-9012,6304509657904735944
Lay,Momery,515-139-2706,5602252563900131
Guenevere,Aspinal,490-246-8021,6771586127149583
Bobinette,Ishchenko,762-487-4775,3546250593950401
Stephani,Buyers,379-239-3295,3554093703120302
Stafford,Maren,552-116-0883,5516920689662182
Vinny,McLuckie,761-253-4127,6333304862670691968
Correy,Brangan,442-507-6655,345498814327409
Kevina,Linklet,843-488-1845,5323698396105884
Marina,Beningfield,298-779-3070,371723446849745
Chelsae,Allmark,355-956-9138,374288199596072
Margi,Brocklebank,874-699-7118,5602242513323757
Dorry,Ostler,356-787-8208,4903419775754346
Josiah,Lidgate,774-884-3083,3586201037558004
Hewett,Uphill,223-744-8534,3577533502116186
Gwennie,McElhargy,101-266-2769,30202069240956
Kingsley,Renison,615-210-3308,5100149480766453
Lesly,List,721-599-0381,5602222812269800288
Katalin,Andres,796-959-1145,343226924794933
Shani,Fenemore,211-683-0794,4175008544783594
Tybi,Hulks,783-792-4438,5602243644075126
Erek,Hatliffe,373-594-4370,3532137935945718
Asa,Klulik,248-953-4965,5560375618233230
Gan,Bleacher,666-733-9113,30164419888472
Viola,Emanuel,542-793-4466,6331104134504031
Aurel,Kellock,602-487-5191,3580343918429834
Kristal,Angeau,378-202-3876,4405293733916955
Rosette,Pyke,577-713-8697,3532649352135334
Thaxter,Solan,529-395-6275,3583529615415301
Vittorio,Cordova,700-386-3179,3541539334445126
Hadrian,Kyttor,736-191-9806,6304283181021611
Engracia,Joder,487-161-2510,3547824787248415
Brigida,McGinley,549-929-1562,675905344148569814
Bambi,Jaggli,326-848-8857,6373834506940467
Kacie,Saint,257-901-3387,3547379979018175
Monty,Hookes,956-335-0370,5610210054372400
Rozanne,Yakovich,758-407-5557,4911477866793343635
Harry,O'Scanlon,907-690-7057,3577508718331761
Agnola,Udy,661-577-2649,677120638501132861
Auroora,Giacopini,735-616-1945,3551978688515869
Maximilien,Mollatt,326-506-8922,561022081969806822
Perkin,Farthing,496-995-4571,3588386443692386
Starlin,Darte,183-859-3528,3553020261962099
Jameson,Cromblehome,787-105-2544,3581449201178308
Sax,Everix,584-878-5333,3538734993337426
Nat,Gut,472-941-5691,3558907787136379
Myrwyn,Kiefer,978-773-6711,6304796210839124289
Karalee,Kemish,839-461-6675,5583851800385759
Gretna,Josephoff,881-681-8698,6371092679527817
Lucy,Hobden,127-814-3310,3577675772480519
Fidelia,Lacy,593-621-5788,5010123673087281
Drusilla,Hamm,981-464-0082,3570947286783309
Kakalina,Risby,220-342-0000,3564942242417025
Nikolaus,Briat,434-348-7203,06044650444818956
Ferguson,Folomin,494-612-4766,5641821158417611489
Kirk,Tumilson,351-217-5518,3551010708818725
Torrey,Pranger,790-622-3828,36152516816003
Boot,Gruszka,461-248-5020,3534346310631029
Vonnie,Bradnum,807-106-3421,30236881369502
Happy,Skillicorn,924-440-1667,3544645145334560
Alfons,MacConnal,226-117-8517,3544450285391664
Frieda,Tite,920-156-7641,4068840145919
Peirce,Currey,390-231-4961,30015717873428
Mickey,Shine,856-440-9294,3569076040286285
Hermina,Carillo,581-179-0386,3537701677255506
Renault,McGooch,106-347-1066,3586926305961288
Keslie,Janc,465-807-9252,4041377628136
Andie,Chancellor,404-874-7757,30284618724664
Gratia,Pepis,828-641-5056,5602259626211695
Leann,Proger,315-479-9229,4905141752113184701
Eberto,Claffey,941-501-1770,4175001126800944
Carmelina,Smalridge,331-906-3037,3536631796392396
Raddie,Dommett,658-208-6963,3530878838658286
Larissa,Jendas,946-533-7666,3529581661208210
Elonore,Goodson,988-405-5077,3542125675185395
Saxon,Kingzet,491-549-3510,6385108945332297
Humfried,Cattenach,616-637-9884,3536403108142988
Gare,Halbord,337-696-1901,3539174444012410
Thomasine,Borrowman,175-951-1806,3570988578416026
Sharai,MacNucator,721-116-7451,6767346966366582
Aveline,Fairfoull,704-367-4511,501812540821134764
Josee,Ronchi,632-283-0675,3559074396315792
Arv,Champagne,923-382-7340,374622617555718
Hamish,Solano,613-324-2356,374288825749194
Tripp,Hiddersley,341-680-2156,3541135675887065
Myra,Ducarel,499-547-2914,3553951190531599
Neale,Whetton,517-355-8445,3542959089208090
Anna,Paish,419-114-5565,3584687480473083
Joey,Penbarthy,878-804-6900,4470119204535877
Stillman,McLane,434-828-0937,3549203156578454
Sonya,Barhems,600-812-2396,633110305625960628
Giorgio,Aldwich,893-304-8356,5582579097596801
Roxana,Scahill,441-271-5817,5602247348447648
Marie-jeanne,Calley,790-955-3195,6709631458013122392
Meade,Etheredge,824-190-0913,3553919038884124
Rustie,Weekland,227-502-7201,3546316833408102
Ines,Calbreath,695-482-9101,6762432811805991269
Earvin,Jone,319-415-9760,30503549163837
Derrick,Forsdyke,503-289-5587,30085406366877
Farica,Union,656-476-8626,30597305032756
Valery,Iczokvitz,805-888-3865,3537835820781842
Lorita,Bierman,816-508-1616,67712968558728719
Nadine,Pineaux,519-701-1097,5100177750146429
Paolina,Kilfeather,682-211-0955,3575792301665155
Kerr,Polgreen,807-842-2734,5038906695802192
Dolf,Mateu,901-207-1220,5641824889268081888
Conn,Cunah,619-335-1518,4508136902363960
Godard,Doornbos,660-489-6273,5602259070502417
Eloisa,Whithalgh,228-586-5662,5602243508144513
Marja,Garretson,895-603-0743,5504253410123579
Yehudi,Gavagan,641-740-1024,4917476468711169
Finn,Fassbender,721-982-2541,3564485199351615
Niven,Kermode,783-446-6596,5523496109611225
Arturo,Macey,590-101-1610,5602240484991982
Aura,Dalgarno,564-508-4675,3585540222241921
Remy,Hendrickson,777-301-0975,4844933454003041
Devinne,Sheldrick,624-885-4996,4041595394081
Sibyl,Warry,638-584-1660,3540463970180700
Elfie,Halbert,632-438-9360,201628227594939
Steffi,Shepeard,367-369-4583,30285373780593
Elke,Siward,798-149-0180,4026337511734947
Clevey,Sextie,370-736-5004,3580432316483137
Dev,Prier,792-987-6452,3570843658165276
Ernst,Partkya,467-783-5767,3582188526977288
Ramon,Seedull,605-341-6002,3566895659857448
Ardenia,Herrieven,106-373-1060,3580124841763378
Oswell,Fielding,141-317-4782,6767859206492299
Ban,Ivery,336-535-5951,3533082046172209
Rodney,Sexton,995-171-5975,5610513428102381
Jenni,Allcroft,313-937-9854,3570202038299661
Granger,Mahaddy,240-969-3120,3547379029516020
Sayer,Fergie,702-501-3464,3581690455205145
Jerry,Bagworth,757-985-2616,3586093683658828
Othilie,Cookes,956-775-2836,4936839397664034103
Everard,Thrasher,588-697-7367,6373252561573653
Leilah,MacGilfoyle,575-694-2183,3548904430854410
Torrence,Rubke,541-280-4766,3581314612566410
Vaughan,Bloggett,779-869-7910,560221193230968579
Leon,Renfield,100-976-6345,36854118401346
Mitchael,Thormann,268-153-8811,3550332630566839
Abie,Havesides,982-468-3098,6304485942484927
Joannes,Lindsley,826-238-7499,5007667280323914
Fernanda,Pesik,589-935-3251,6761991800870283632
Brook,Case,677-481-3934,3537318782353132
Alina,Tremolieres,628-658-3157,67094071955973315
Tiena,Romanski,693-444-0746,5100134428460815
Dorotea,Tolcher,351-533-9970,56022192472722900
Sallyanne,Anstead,726-103-1299,3585859064454719
Dorothea,Crush,691-395-5931,3538182847409233
Farra,Cottu,774-430-9770,3533768021670601
Phylys,Goodbairn,403-581-8234,3545763724016596
Christos,Pickett,853-141-4554,5610632150449313
Leighton,Jory,770-450-6847,561029395500345329
Alfonso,Muddle,302-650-4695,3561287032770313
Kylie,Rawlinson,910-675-2402,3534329429940358
Sergent,Neely,273-999-9019,5002352923503181
Emlyn,Hellwing,302-437-9218,3583049010477160
Vilma,Lange,565-978-0720,3584095220730673
Roda,Jeannel,876-873-0644,3532127995508167
Zaccaria,Romain,467-773-5272,3545190965157816
Dierdre,Colisbe,916-350-8564,3565198496910749
Joella,Trimble,447-413-3515,30571124111745
Monah,Gilliam,741-594-1277,6762445521735433
Raffarty,Fairfoul,701-931-6177,3539835843895437
Muriel,Carthew,214-516-0063,3578559669128929
Skipper,Sulter,381-952-6498,5048371386395030
Cornall,Mengo,556-913-0447,3534423409370114
Vere,Jentin,677-178-9115,3572611603945367
Mariann,Jezzard,776-885-0961,3575176738287371
Brianna,Milliken,591-187-8113,5557548403005469
Jerald,Nobbs,315-715-4585,4026587769081710
Alisun,Hammerberger,528-387-4868,3538392530423843
Shay,Annice,223-673-4491,30562629933873
Merrel,Manwell,251-769-0106,5465523903743415
Cammy,McIlvenny,132-840-4141,3548867724328773
Dale,Ferandez,388-797-1129,5262334484296897
Kalila,Andri,424-996-9322,5131440957629826
Othelia,Betham,504-920-3932,3533301486733027
Pen,Hanmore,481-116-2720,3566647542509565
Modesty,Hennington,225-131-3644,3535291442247253
Janey,Planke,103-295-5211,3573195665746177
Jan,Tapson,912-981-3234,3582760446304551
Ronnie,Aloshkin,882-766-8289,4175006335006670
Effie,Tubridy,454-472-7751,3560294917971413
Burlie,Gillimgham,331-426-2820,670677141054546639
Theadora,Plume,335-785-9378,3568711879220002
Grethel,Yukhtin,421-552-2446,3563561988945592
Ardelle,Soots,920-364-7903,3529974130699434
Lucie,Mounter,284-903-9409,5018261012148240
Kimbell,Greatham,329-440-1129,3554249957586370
Georgiana,Landes,157-684-3140,561028184570732850
Urbanus,Gerrad,437-879-4082,3575199206807231
Norean,Falck,914-613-9334,630443081368021191
Donn,Beynon,711-629-5983,30163381110279
Brynna,Thring,953-379-7359,3576694438221408
Thomasine,Patek,175-867-3390,6763409619953083
Wayland,Minico,145-993-0686,67637539649665343
Nicki,Goodey,147-420-0496,370046294019760
Sherri,Buse,783-562-7944,6771683643965988877
Jeralee,MacKnocker,931-867-3577,3538071862317589
Estel,Belfrage,395-874-1868,5108759473580232
Eddi,Prydden,594-497-4266,374622278989271
Demetre,Maynell,788-649-6311,3581491208142598
Yankee,Denington,819-481-0031,3574885035493414
Yolane,McGilleghole,838-789-4257,5038574834284623173
Bowie,O'Keefe,986-571-3265,3577931772749894
Aloin,Palphreyman,244-140-6882,3553819152937700
Dame,McClosh,936-313-5252,4913585550530552
Willdon,Mosedill,847-886-8530,561033407550770092
Raynell,Allison,327-893-6084,201601752206500
Astra,Le Blond,451-441-7071,5164629099431386
Stanleigh,Ruffy,888-842-1666,4175007734379783
Sigmund,Fleis,780-279-2373,3547181502456660
Malory,Lennon,510-676-2157,30598684513275
Duke,Starmore,672-925-0612,3588352536125676
Jerad,Cushe,665-137-2417,5602220508507402
Ninon,Blampy,753-954-3567,4175009021409042
Artus,Lawry,902-532-7805,201523238884058
Lexie,Brandin,722-741-5877,3535950037572769
Rosalyn,Dantesia,118-909-9415,3569429655545570
Hallie,Gouda,886-596-0477,3585153766611861
Joell,Govern,795-460-3834,3530378420254933
Berton,Strangward,707-378-7697,30529368883627
Katusha,Danniel,861-544-1428,3584998905601814
Cyndie,Crocombe,665-482-3767,3541543462516054
Sophronia,Coper,838-684-0490,4911049720515928612
Douglass,Greystock,452-565-9894,3583030168644892
Walt,Abelovitz,676-295-2215,4913153037852006
Mayer,Kroger,547-436-4202,201550922370680
Cymbre,Desson,568-594-1878,6304575233194327401
Sutherland,Bezarra,783-743-3094,4903439752118459336
Patin,Guppey,408-269-6110,4903415197454283
Vladamir,Hicks,868-863-2152,3569999402306278
Hughie,Simcox,470-641-5303,490516835434272604
Brenden,Handy,146-978-8595,3528809676431019
Sheeree,Birrane,341-166-1876,374622262657348
Kaye,Lenz,646-108-9347,493665232194966653
Nap,Boughton,197-695-0346,3533314498534119
Kellyann,Egell,566-899-1024,5435724724053730
Damien,Collier,404-323-7048,3556474814980982
Launce,Waby,639-420-4658,493615441591680210
Opal,Shellshear,232-818-6700,6392938191256035
Angelia,Fillgate,820-599-2358,6761818011300363264
Luz,Fielders,904-512-8754,3551151645630557
Cyrus,Petracco,494-500-3470,4917062679085567
Salvatore,Tabert,749-407-3904,6762835114216341338
Libbi,Harriday,607-345-4110,490310812281852034
Kath,Kelston,273-347-3125,3585698163686262
Darcey,Pemble,210-784-3860,6396656974859264
Bernadine,Rehm,420-313-1629,3543771924807104
Christian,Bicheno,116-524-1342,348361919865730
Abdel,Lutwyche,707-998-3436,4415498062220923
Norma,Bladen,337-478-0328,06042403183736027
Hermine,Petrov,870-450-6647,3573775851515369
Beverley,Grosvenor,746-652-4843,6396919514989540
Gerti,Ketchell,401-510-3447,3567085211573563
Kristien,Damp,730-551-1397,4405134411476674
Edouard,Liepins,790-633-6390,374622380219690
Trip,Antonacci,571-330-5437,3529572125972533
Dominick,Durban,174-948-8927,3559197105361516
Bert,Worsnop,369-980-6156,3556992356596858
Northrop,Simms,775-960-6512,5020381735177191411
Aidan,Shotboulte,886-706-1887,30147797391524
Moe,Petrushkevich,912-292-3455,3566093650714889
Ive,Dyett,980-828-4979,6767552164530206
Reyna,Largen,833-762-9785,3567192614551558
Anne,Twelve,258-741-1852,3549707550063350
Mannie,Duplan,319-128-8785,3562717474035477
Bradney,Balke,556-436-8143,3547297805299282
Verney,Brisard,749-124-7181,3542261453000959
Teri,Steinor,774-203-4350,6767950480423793
Esta,Ewles,425-651-0714,3546865397405169
Mala,Sandercroft,984-212-6728,3549009485586534
Camila,Drezzer,355-576-6176,3538166524437799
Chloe,Bever,883-408-1621,670603316867967284
Felicle,Slemmonds,188-559-0311,4844310464391510
Winston,Lineker,586-621-5338,5470024165770694
Kalle,Linnock,379-354-6737,5178490705640009
Bobbette,Storton,415-891-2442,5108756817798603
Meta,Yarmouth,176-829-6934,3581562375096195
Jacqui,Abramsky,312-655-9738,560223069253844426
Clarissa,Mallya,281-411-5541,4041595229094513
Miguelita,Putten,537-321-0928,5528629586336370
Val,Stallon,671-279-5124,560221366186993680
Ardath,Flello,409-845-6881,5602252217365640
Alasteir,Gagg,432-765-7810,5389811297683047
Wake,Thackham,172-832-8719,372301319406494
Margaret,Presland,109-500-6855,5610888310222145
Ediva,Higounet,590-640-9373,3570028431682645
Leelah,Honig,778-972-7267,5002358856043590
Ashlee,Sutehall,973-628-8593,30265580506452
Novelia,Cockett,336-592-9384,3556578617832404
Sancho,Enderby,345-898-7009,3539449533273689
Marius,Parlett,932-983-3756,3587831839557108
Gwen,Awcoate,845-266-5336,3542494523013674
Francisco,De Maria,683-380-6321,201524867380301
Arron,Lillyman,799-927-4208,3586677684511117
Theodosia,Wealthall,822-599-7134,30236034792279
Edsel,Twigger,262-138-5600,3583414839396175
Cesya,Eustis,768-817-2593,3558779206691460
Jakob,Kitteman,254-738-2495,3566686628019925
Gavin,Besantie,166-268-5263,3571485153080912
Jena,Blackey,263-583-3474,3580390029274377
Dina,Gathwaite,555-952-6514,4936993275692643743
Hube,Murfin,903-130-2399,3561873829953657
Cookie,Gheerhaert,475-342-7971,4041591589553156
Chrisse,Bullene,942-111-0050,56022590525550386
Olympie,Kinvig,918-298-9788,3585442151419638
Riley,Redmain,585-864-5638,6762363714276482870
Erena,Scates,373-222-3108,337941122450702
Jocko,Kettlestringe,376-122-1751,3576638329308352
Rudiger,Joysey,806-717-1561,6759190785235200
Manda,Streets,625-920-6132,3528377512881573
Miof mela,Gerson,359-964-1390,4911911891856511583
Giulietta,Tort,705-182-4954,4616714468294
Kendal,Spruce,440-189-5475,201983581377268
Cam,Wakely,467-965-2671,372301687625279
Dulsea,Ludron,834-882-4349,3542147070404197
Libbi,Perrelli,213-528-6656,5602224335041288
Graehme,Scarratt,269-235-0308,3574811766220016
Josee,Lovel,799-107-8615,3541965768396990
Effie,Hoovart,178-808-2335,3543953638114460
Si,Pidler,382-167-1982,3553083379327977
Meghann,Averill,724-372-7881,5100139058935747
Tyrus,Pinson,545-134-7548,3585026430979171
Ash,Jovey,675-356-8567,4913983201281701
Hobart,Eckersley,409-541-3872,67093198828186303
Corrina,Waything,118-944-3360,4494723797561265
Keary,Blackledge,719-447-9036,201457757299986
Nadine,Pendergrast,861-276-9607,3537661860646517
Kippar,Inchcomb,517-954-9192,3555883658934734
Billye,Oliff,543-202-7904,4175009573122506
Tomi,Bruno,710-720-9454,3582366940157881
Margie,Rusted,244-252-9370,3573087519797516
Corbie,Jacquest,256-940-8127,3559573063746288
Terry,O'Spillane,583-559-4167,3554487360463106
Raleigh,Liell,520-278-3148,3545801627185694
Ruperta,Romeo,700-227-4678,3583153112726811
Letitia,McKillop,169-131-4583,6334500471190500541
Thomasine,Burkitt,602-801-2618,4903554191119953
Rosemarie,Behagg,475-783-0770,3552492452662666
Padget,Quarton,901-243-0366,4911568962135782
Garland,Richin,728-391-2523,6761334877764604
Lissy,Crumpton,457-664-8011,201856124661614
Moira,McManamen,147-466-8368,374283733636658
Westley,Harwood,682-892-6673,561041852473728406
Bing,Elliff,563-775-3374,3542541177523786
Austen,Boyles,807-860-3158,3546836932774443
Karalynn,Jozaitis,847-597-1839,3587575445093095
Dmitri,Tome,192-881-1750,5610032561265269
Kimberley,O'Nions,696-293-3529,3545144103225514
Julissa,Fido,167-233-6451,3568815079456140
Greer,Drewett,514-115-0543,201814349215641
Avictor,Bellas,151-845-4812,201612258097780
Sallyann,Wyldes,432-882-6083,4844453468975142
Dodi,Gibson,590-236-2052,201957393183551
Basile,Frankling,220-829-6116,677111314649204738
Dyane,Skeates,471-749-6700,3528277000387366
Dickie,Fawdry,688-473-4595,4041375036501970
Berny,Blanchflower,725-996-9516,3531191700551640
Pamella,Minchinden,363-746-4659,36871142806217
Vivie,McCurlye,743-729-4856,201520274541006
Reginald,Bode,162-645-5280,4508477632534284
Gianna,Coppenhall,596-356-8972,564182387057433365
Maryann,Tither,574-590-6417,6333570808418844952
Cheslie,Jeffray,474-258-9260,3552710664646494
Kyle,Stanwix,749-955-1010,5520373124794729
Heidie,Mariotte,433-551-8457,4017953448228356
Flint,Wallas,667-220-2424,5100147241064978
Hill,Swanbourne,287-651-5862,3582215045507559
Carolan,Humphrey,645-234-9396,3545975514789139
Elliot,Matschke,212-652-5715,3553103767524561
Elisa,Pellman,311-613-5558,56022152316599989
Norrie,Give,181-418-7249,4017953173218
Pierson,Schroter,494-177-9204,3561333158371088
Annamaria,Ward,139-443-7403,30108395382018
Eudora,Sivell,251-295-8127,5347355775673642
Gabbey,Rose,393-781-0644,372301032158190
Clint,Nerval,493-365-0726,344275937549312
Winny,Brasted,428-373-5526,5472748363376817
Penni,Jacobowicz,913-867-2625,342870500719755
Dorey,Espada,636-709-3621,5602210433239213
Hallsy,Hoyte,193-909-5731,3542291290849508
Teddy,Gantzer,592-570-3020,63048101618945032
Penny,Thorrington,229-948-5401,5489467740245378
Vladamir,Ennew,756-800-5781,30089869910072
Myron,Tarplee,984-761-8212,4911602186011808
Winfred,Adamiak,954-697-0585,3566833619276458
Perry,Mossom,501-893-8914,3549791951740444
Clement,Meadmore,927-245-0156,5299604336441793
Carlen,Garbar,584-146-3683,3549645499153850
Addi,Bavidge,833-787-4980,6706718288862718
Addie,Krause,940-330-6808,3585806501227075
Grover,Gaish,654-506-7436,3548724773572498
Kris,Imason,366-877-7238,3556867912595992
Micah,Blaschek,608-704-7764,5602229874301367273
Kaiser,Worgen,281-474-6406,3532471827733209
Stephi,Vinck,754-636-8179,3576114702817583
Phyllis,Attridge,886-573-1119,3534518741693899
Melony,Egdale,318-924-1601,3582522716244440
Fanny,Joicey,617-427-1590,493619139505586459
Beth,Aldiss,945-421-0740,3579256832188331
Jimmie,Crosio,734-624-0791,3583008611695950
Fredelia,Bennen,282-256-2876,3540001129685649
Judith,Carder,665-230-1339,30249546729762
Saxe,Bouzan,519-888-3767,5262511131754911
Harriette,Foulstone,565-803-4077,63044378680447501
Dot,Widdowes,485-444-6737,6388910132431114
Xena,Oby,738-100-8183,5100176538707379
Ethel,Fabry,783-449-0840,4405320511603883
Harman,Collicott,315-956-1928,56022571915957787
Bennie,Peirpoint,441-467-9028,3542049609071168
Ly,Wickardt,910-392-1384,3581595931216808
Brocky,Levecque,301-911-1954,3548235354480902
Charlton,Billows,540-377-5834,5553105222507128
Hodge,Ranyelld,836-436-2940,56104620109037350
Fidel,Hawket,638-177-2139,5100175564131132
Heinrik,Dymick,674-437-1466,3562644689520343
Gui,Wike,543-536-5991,3572693388000113
Liam,Gunning,468-373-3167,374283854760089
Catriona,Kassidy,861-932-2956,3537963927141742
Zenia,Eveleigh,508-775-1649,3589920585298112
Margi,Moizer,741-368-9636,3559048251758353
Chilton,Klehyn,558-772-9334,561076258325048639
Berty,Locket,516-160-6361,3572513815550912
Fawne,Blazej,179-214-6868,337941073829086
Ned,Lanston,157-440-6166,3555448659019065
Melony,Brightling,119-843-3792,5602219733481011
Celina,Franzen,549-847-5504,3575294100999414
Rhonda,Jury,847-347-8111,5602235780700475
Maria,Hayworth,787-314-5248,5447523220737028
Veda,Aimable,969-443-7849,3542495905577210
Oliver,Beckhurst,384-218-4655,30234562874858
Shayla,Sobieski,298-495-2231,5100133845500062
Selina,Cavie,567-650-6954,5602223170890833
Gabbey,MacGhee,482-555-9269,30191478562813
Emmott,Tonry,449-240-8468,3563097778913045
Frasier,Wegner,888-649-9187,3543439928798972
Carey,Cushworth,455-395-3926,4405139220402837
Haily,Lewer,497-641-7246,5602241879493923
Calley,Clues,216-162-9572,3540990304987988
Dorolisa,Alenov,558-171-1212,3578648239531454
Allsun,Voice,142-415-4383,4405911856522900
Alyda,Bozier,224-132-3166,3566167779643524
Kayle,Leeuwerink,759-915-3812,30454530846917
Latrina,Ricci,786-749-1707,3588896759269785
Zak,Clawley,191-752-7897,5602239450368522
Mychal,Precious,514-670-1342,3576706529535205
Blancha,Hurdidge,896-327-4758,3539556831910695
Isa,Lindblom,945-205-3384,3544966096398747
Celinka,Bontoft,407-545-8402,4905089305567210870
Eddy,Wonter,428-159-8292,6759765682907018548
Karrah,Kohnen,118-787-5611,5602221850419345
Joann,Lacroutz,711-585-9308,676257317051251234
Armando,Start,503-799-1971,5602259536741955
Royce,Rolls,829-850-9631,3565593705559602
Lacy,Anetts,525-834-1639,676161008887909393
Upton,Mulcahy,424-457-2365,4903481049796016
Pascale,Shervil,837-790-1659,3561787979883128
Patton,Haggar,851-600-7084,4635869198026034
Papagena,Fenlon,423-327-6310,5108758413707335
Mia,Smickle,149-211-7699,3534694409297511
Amberly,Bris,764-767-4532,3547721700458313
Jinny,Piesold,857-954-0714,3532380889275670
Genvieve,Pogson,363-767-3918,5339669649820183
Leif,Causier,978-499-0590,30217880522333
Crystie,Stanway,431-901-9654,30281096016852
Dave,Godilington,144-514-1383,5002356922525988
Gaye,Neal,316-810-6346,3542410242134138
Barbra,Pascall,150-973-6701,36243535276863
Dotty,Coddington,615-164-5369,3529705456992254
Olimpia,Kernock,296-122-3201,3564661827034472
Faustine,Lawranson,611-189-2909,6394163747254792
Johnny,Brodway,967-628-9495,6333215380753029
Wandie,Jaray,371-269-9158,5141004872502050
Laughton,Bartles,456-702-4373,5433909071511909
Freda,Vardie,132-464-5116,63048816757287652
Jeniffer,Lilywhite,849-871-1136,5602247545561357
Ulises,Treweek,434-869-1734,5048373870734898
Katerine,Braikenridge,328-554-4671,3573818169570781
Rodolphe,Merriott,762-510-3261,201750109506664
Rourke,Muddle,808-921-0989,3538348453282038
Lou,Coxall,230-919-4891,6399151357036935
Gareth,Sheppard,373-724-0968,5602248338972751
Orion,Descroix,519-498-6953,6761110176401597
Beckie,Raveau,720-791-5388,3555457745307277
Bryan,Blakeden,593-451-5598,30513898438151
Ivie,Penwarden,916-730-0507,3544187340266560
Niko,Hampshaw,164-351-1792,3575137308709244
Friedrick,Castanos,872-542-7723,3589193571104799
Dennie,Cordelette,683-308-0852,560221862114684565
Cher,Moro,479-807-2592,3583195690630030
Boony,Moodie,249-966-8333,490348750641904127
Niki,Pinsent,212-783-6632,5500239168844353
Bren,Segebrecht,212-802-7651,376753428820120
Purcell,Worsnip,236-373-0337,30101774348437
Ilyse,Cattrell,601-405-2645,5100140620387524
Phaidra,Tudgay,133-127-3683,3572674624887471
Stormi,Eunson,958-144-0352,3551602379138803
Devin,Deverose,458-763-6940,3534025511118370
Alejoa,Yoxall,107-826-9588,6333605507782739751
Issy,Guyonneau,711-311-9463,3536037326882445
Mata,Ianilli,488-441-6309,201564839196468
Kaile,Garrat,641-339-5097,3586833451553705
Kala,Tyrie,549-155-2160,3564340796791699
Halimeda,Shotboulte,736-437-4696,3544057274706016
Carly,Gritsaev,335-716-9573,3533576090782318
Kristine,Pococke,913-728-0830,5602218603977629
Kyrstin,De Domenico,354-551-9624,4017954217089
Ash,MacFarlane,665-729-3358,3588834583213158
Ike,Sulman,248-259-0755,4936561508736296645
Lowrance,Trethowan,895-539-7583,3552566199090727
Chrisse,Beamont,987-365-4588,3552219129979052
Noelyn,Lazenby,478-831-0165,0604862376674344932
Ferdie,Cluckie,984-476-9279,3582388321509100
Durante,Ilchuk,795-824-9222,374622914094932
Jenni,Gladeche,451-224-6151,5429316584949152
Bridget,Godly,523-680-8675,6378269565180801
Wait,Macveigh,844-527-9152,30409357188892
Ellene,MacLaverty,192-737-5812,3589132632587741
Marybeth,Lavigne,817-668-6890,3561310258189842
Kelcie,de Mullett,940-394-2940,341615876799175
Ellissa,Dibdin,616-357-9945,3531349873181088
Alessandro,Moiser,986-315-1405,3549075458860032
Bunnie,Kolakowski,274-889-0945,3579120130686042
Murial,Beels,317-487-6217,3589085448831374
Garrick,Shalcras,330-953-2950,3536042292745089
Janel,Harden,915-693-9284,3544413479860324
Esta,Burtwell,830-275-4216,5038479194165249127
Martin,Wylam,467-500-7815,201477533716533
Jeanelle,Wait,732-854-1148,3530630102654305
Fergus,Southern,103-583-2951,30220411743303
Kathlin,Ravel,576-564-4776,3582738189335891
Bondy,Poker,930-835-9480,493671793787955272
Hersch,Philpin,786-653-3307,560222714131166176
Kelbee,Blackboro,896-503-5941,374288755972626
Kingston,Jendrys,569-317-4027,3530443358466691
Elwyn,Saundercock,653-794-8838,3545782523877693
Vittorio,Pacitti,773-665-4680,3571614817444483
Layla,Gagie,178-341-6499,3542192210384792
Drud,Rylands,276-228-4455,30246458200618
Hartley,Nettle,437-766-8823,3577701416689198
Dorthy,MacGinney,926-619-6519,6762416859104419
Michel,Tolan,661-845-9088,4041593812822374
Lemar,Baudain,206-420-8744,379955546705185
Danell,O'Coskerry,632-170-1154,50201354538102768
Lyndsey,McLaine,593-914-9316,3537807298796800
Holly,Sudworth,358-439-2449,5007665722299130
Karrie,Geraudel,824-481-4733,6761662937989144541
Arley,Benit,670-176-9128,675903629291349705
Sianna,Martland,890-191-3022,676101038485842566
Halie,Gauthorpp,552-854-2684,5641824500029473187
Elvyn,Pickover,311-173-2547,3562129978297126
Red,Delcastel,854-848-5495,3549251917610611
Levey,Kattenhorn,394-592-1956,4041591787932
Constantin,Grote,885-405-4137,3547864935090418
Kally,Vannuccini,301-772-9072,3576186009671723
Shena,Stroud,143-714-4221,201817617142819
Tiebout,Carbett,701-975-8058,5581543368544008
Fanchette,Beggs,996-784-2164,4508108557706710
Kearney,Gert,481-502-0285,5585436868830710
Jeromy,Spearman,124-524-0228,337941972303894
Timofei,Chestnutt,379-875-8666,6381400833225988
Maighdiln,Winteringham,723-454-6313,201692775740658
Stanton,Brute,824-741-9957,201405002699393
Dallon,Capozzi,686-376-5068,3560992403655636
Arnie,Shawyer,846-148-7741,4017952418304023
Jessee,Greenman,474-446-2082,3589894325037686
Edik,Despenser,971-635-7905,5018294895407370654
Florian,De Hoogh,536-207-5037,3532922320708866
Hildagard,Mewes,959-375-8349,6387630923776003
Helge,Wilstead,969-155-6850,5002358702585786
Patrica,Dehm,829-531-6799,5100177538345640
Morie,Ranking,923-165-1163,3542159575966752
Blondy,Gosforth,649-716-8932,201786269003597
Prince,Pettingill,120-867-4747,344350389589858
Hernando,Vasyukhin,681-726-6661,4844648523624169
Lynette,Wilber,179-101-4172,5108756229941759
Romy,Tures,313-743-7175,3533181312940677
Ivett,Brounfield,782-320-8132,490343875791081890
Gloriane,Merrell,791-579-9647,201723761997935
Richmond,Whyatt,773-828-4645,4913564784472295
Farand,FitzAlan,977-767-0467,3548328893583714
Barnie,Fossitt,897-317-9047,374288594887472
Vasily,Sallnow,693-940-3161,3561970169112504
Krystalle,Hellcat,862-715-6956,6767216672505299093
Blane,Lanchberry,429-507-8580,50382136666527515
Joceline,Gutherson,811-419-3287,5489205387786274
Winna,Marrison,690-844-9860,3543908987164193
Felipa,Regi,761-611-3886,3569662697263345
Candi,Bartholomieu,318-679-9753,3565581724365283
Mile,Bonehill,649-575-1314,6334205348789189381
Georgie,Steptowe,466-738-0312,6759222158324402471
Leda,Fawthorpe,146-695-5380,5893678256467662468
Shayla,Clifton,638-107-0223,5602256066899252
Neely,Kaesmakers,707-704-3480,3578941862160794
Toni,Cargon,490-949-7506,67597934484388937
Anetta,Mattea,238-105-4998,201910528381194
Sutherland,Ducker,956-467-5838,3531361747074019
Helene,Davidovics,351-381-9673,6762931736741494407
Agneta,Parmenter,677-171-7815,3557615661533337
Darwin,Adelsberg,931-254-4212,4175006239667445
West,Treadway,662-213-8471,3535311557580361
Skipper,Jodlkowski,438-284-4503,5602224159701041
Wakefield,Armistead,658-793-3485,5007669431312051
Melvin,Everitt,235-966-1608,3571139039145650
Cassie,Ramm,674-307-6135,201527744216028
Aprilette,Gino,975-496-1944,3537201066571365
Ingemar,Scudders,317-297-1174,493696809644363251
Matty,Feedome,790-500-8275,4905727248961431
Odessa,Spilsburie,249-695-7819,5610753716346923114
Becka,Geipel,217-824-2129,3532776446882447
Gweneth,Monery,364-761-6387,3579540183318674
Anya,Corkett,732-691-7505,3568299580933634
Carlen,Hastin,679-167-8770,493615892091089353
Shannon,Corder,298-364-5149,3573517566826008
Jana,Fountian,174-628-0775,5575625161199821
Allyson,Earie,242-709-8873,5018679610707994
Silvie,Solon,228-428-0500,4508970604118037
Carter,Albany,419-982-9619,6393056063697043
Felizio,Rowswell,955-553-2045,4041371541876734
Eustace,MacGibbon,202-902-3552,201511705334244
Stanfield,Trent,190-849-8901,5464999814915691
Kittie,Massel,986-503-4271,3541092745310281
Gregg,Merigot,434-789-5913,374288300855730
Guilbert,Wadesworth,541-461-7183,4508633466874374
Franky,Tailby,556-536-3703,4905758024275712
Nissy,Jefferies,397-561-8264,5602214474275185
Brandea,Cutmore,510-357-1265,201897573494172
Heidi,Pawley,817-698-0103,5641823451706963
Moreen,McAllaster,552-405-3865,56101867118679127
Risa,Housam,451-558-2442,3545728629594732
Tiertza,Cadwell,340-548-6546,493645371513098049
Rosalie,Daens,546-582-0769,201800591103155
Fabiano,Thomtson,246-810-8303,5602241818981764
Spense,Lillecrop,565-798-3274,346855889996609
Lizette,Hazelden,357-762-8919,5010123992312121
Agustin,Espinay,378-760-3349,3544421585240141
Julita,Dawe,514-134-9031,5610358505576390
Rona,Panchen,267-817-9340,6331103297561523
Tedie,Carratt,830-361-2818,3568377356463711
Zia,De Bellis,617-460-7387,3556015289194698
Taddeusz,Bennison,466-553-5897,5007666766413280
Adelice,Ickovic,608-431-0242,6385678520956033
Valencia,Weddell,608-307-2828,3572916359654026
Ernest,Puckham,322-794-2832,5602233841096223
Floris,Larderot,641-237-1136,564182417968053042
Leelah,Szymonwicz,752-623-5614,5108755501288798
Evangelia,Jossel,828-267-7547,5602242824158587
Ealasaid,Noddles,150-100-6098,3571746653046483
Tam,Sextie,914-573-0236,3548963798430262
Ashil,Harbison,565-981-7681,3583982185608799
Jaymee,Andersson,230-650-0818,201419488690735
Gerry,Warfield,269-791-6610,3529659998481211
Cole,Sommerlie,943-853-9560,5602216595213133413
Odelle,Colaco,784-619-5983,3572872183967060
Aldus,Larmett,565-798-5674,5893673633331684
Rianon,Vannah,440-481-7199,4844842793161255
Calla,Berrey,811-452-9118,3580066966999420
Cornelle,Gresly,885-758-1924,5554798859280297
Brady,Jakucewicz,440-287-2624,5337827419581177
Anna-diane,Vlies,266-167-8279,3538933569014159
Di,Muglestone,812-210-4693,3568625372367203
Cybill,Revely,915-560-3792,3540075022415866
Andreana,Johnson,856-396-4111,201564114879507
Krissie,Matteris,972-976-8331,3545834694482249
Cherlyn,Swatheridge,606-574-6678,63046061141017513
Helsa,Germon,167-182-4289,3529607347844324
Maximilien,Waymont,692-221-1313,560222284125211545
Brianne,Buesden,998-645-7506,30221476226770
Keith,Abella,171-315-5448,3535999230060973
Beau,Spellsworth,828-308-3262,56104057855543606
Beulah,Mangenet,772-630-0639,3567334008399877
Tierney,Zavattari,756-951-3084,6396462459916467
Shelley,Wakeford,806-873-3146,201891265611045
Solly,Cullin,525-181-0480,3580441293972228
Melvyn,Blakeley,670-288-0201,3567888660018067
Jennifer,Auletta,202-588-5689,3550282320336987
Asher,Straughan,660-225-7263,3549354588752488
Vi,Medway,784-288-8629,3581089136808759
Elisabet,Mityashev,728-402-8864,4017952551660249
Dorthy,Dailly,307-240-2240,201953110123178
Trix,Aylott,599-855-4900,3542254676605878
Georgine,Fettes,451-792-7005,4026085092832776
Archibald,Sewards,253-523-8738,3579590808055805
Daron,Audritt,496-542-0946,3588075249137163
Kelli,Darlison,218-802-9367,4913869885699195
Clayton,Derdes,840-285-8921,3553796658611692
Sholom,Hierro,548-325-4757,4041598024156
Herminia,Aristide,410-556-3143,3564147222898422
Allistir,Jenoure,326-364-8302,3530952289342482
Serena,Tissier,281-764-6887,3563118677108097
Clayborn,Trappe,516-645-9813,36723917416757
Sharai,Brayford,295-946-4324,3542488119793475
Lulu,Ravelus,683-920-9306,5610228706598370
Powell,Samwell,890-731-9442,56022574330547084
Tanny,Holberry,683-471-9715,0604824333234386
Jourdan,Quirk,400-355-9766,30022706946868
Viviene,Mix,964-824-0786,5602210617662800
Hansiain,Lovel,816-668-6912,3541241688392646
Ciro,Moralis,427-951-2392,3545411413988465
Mathilda,Whitebrook,996-125-9695,3539603849495465
Lamond,Turri,723-169-6495,560222760522737737
Traver,Orrow,956-744-8154,67623626972594459
Verile,Mardle,301-814-4094,630437071799409626
Marlee,Warrender,282-368-1942,5409466388574930
Booth,Coale,805-206-0665,30202216296802
Gage,Pulsford,641-426-6597,30391464156527
Justis,Grene,561-451-6808,5518322540559673
Modestia,Dunsford,830-986-3612,3547132935602784
Tann,Doxsey,429-148-3626,3562679030221373
Esta,Ambrogi,775-457-8686,4844357114250174
Annora,Collingwood,815-917-6970,374283486630064
Giralda,Rigler,565-456-3642,5100135506710690
Rancell,McDermott-Row,718-345-8819,3558951849001668
Richardo,Medcalfe,286-603-6870,3584337867329470
Izzy,Oventon,245-202-5919,5641825213838860748
Carolee,Stilgo,578-835-6318,3551151622190260
Lanie,O'Codihie,465-990-3322,3575659509179919
Franni,Buttrick,206-177-9289,3584451310918241
Abramo,France,770-732-8573,4405174051188379
Felicity,Milsted,756-489-7733,3538506559937033
Ulrich,Fullerd,553-792-5391,3555088874015769
Petey,Udell,329-390-5530,6759641955277620
Tannie,Grzelewski,479-355-4862,3579904338563990
Aron,Meatyard,920-701-7748,4017952186169699
Adore,Scarlin,299-253-4238,372301839508795
Igor,Dimitriev,381-361-4263,5602227823027115
Hyman,Bulbeck,456-612-1156,374283076764257
Page,Simmell,308-650-7265,3574487489024199
Alisa,Rhyme,199-750-1762,6333419468301632
Delilah,Hebard,469-349-5208,3542030163790047
Hayyim,Core,494-714-4189,3540171146233267
Tandi,Garwood,138-355-3907,4508433718057013
Emilia,Toffanelli,586-634-3201,3581226561733645
Welch,O'Doireidh,386-551-0397,4917093279729056
Olympia,Coast,175-251-0763,3538015449368664
Rosmunda,Urian,435-906-7889,3544543566535791
Barbette,Bizzey,821-656-2836,3549328974326651
Corey,Semaine,700-526-7429,676159726337347823
Sela,Southerton,227-375-8902,0604168679058474
Jasmin,Schlag,227-339-8089,4903577051069573670
Olympie,Juris,480-483-8088,3581107836600217
Nowell,Wotherspoon,617-646-0625,56022178073968182
Roma,Lindborg,501-434-6609,5493022577268706
Harlin,Benfell,520-378-3995,5100172251269465
Aida,Folker,564-400-3305,633313801189670772
Vanda,Northey,869-739-6012,3567834291603075
Martainn,McElrath,847-460-2189,5480691401351477
Raye,Irce,336-721-4403,3584747339827648
Filbert,Chesman,799-294-8541,5602211316776776
Inesita,Ricards,255-432-5330,379906063736418
Farris,Stubbings,757-245-8309,30186616793973
Livvy,Larmor,170-886-9723,30527947438400
Ethelda,Nehl,645-325-3270,3569058459576315
Doti,Penrith,572-993-5472,3577317952098841
Tabor,De Castri,754-544-2831,374622965746265
Law,Stallwood,319-142-3231,5048377293414178
Boycey,Loughney,498-717-0635,5526159297722959
Ulick,Stannis,151-222-9777,201580134302932
Norri,Prise,444-508-3796,5490721726113035
Kenton,Kimmons,657-111-3731,5602224443299166
Zorine,Surgey,560-403-5251,3561230614635314
Axe,Seadon,591-908-2415,4026970362138162
Chucho,Rance,971-452-2480,3562079729484541
Wit,Decruse,558-720-7582,676321458836922145
Nita,Titt,961-515-2646,3546197172894858
Fern,Duffin,734-542-9230,4017951495142
Amandie,Orrock,427-938-6632,4644810146551888
Genna,Dolle,712-892-3349,63041752717921402
Manya,De Michele,788-225-6053,3574864170238058
Conrade,Colquitt,668-795-4436,50187997949548520
Eve,Matejic,397-764-7839,4033793064343
Madison,Ransome,760-787-6985,5501210236293955
Gregg,Brunsden,764-497-6512,337941601508996
Kurtis,Lamcken,199-481-2815,56022420443588682
Killie,Pearcy,349-925-5415,3554202847926694
Allx,Bim,920-435-6462,344642047591510
Aloise,Cotsford,832-212-9072,3579600601383971
Tracie,Floyde,442-491-3492,5257069108086558
Ninetta,Fewster,463-381-2290,5167913658293438
Anthiathia,Oglevie,630-225-2532,3581605483274756
Grissel,Barnhill,770-286-4524,5108755670401982
Shae,Hessel,182-592-3403,5893483430737707
Perkin,Lunam,447-944-7150,3589959076894641
Elna,Cathee,200-713-4141,4913322363351913
Lew,Shimon,675-913-0855,5038080694749273
Georgetta,Bapty,632-404-8526,3571848345420843
Jena,Gravatt,798-974-5685,6376950268261079
Ellette,Linder,160-900-1045,36530763126533
Chad,Garroch,911-475-1760,4175004535352374
Em,Cervantes,300-287-7751,4405063238879283
Tadeas,Mengo,501-704-2923,4041590445516
Dione,Schwier,591-130-0890,374622069748712
Rhodia,Gregoretti,222-832-4371,3562572385011988
Alexandrina,Duff,626-118-2268,374283495119604
Stacee,Daborn,857-170-2000,3532494419244294
Katalin,Sommerton,691-567-2877,3555474039176847
Sandro,Krook,828-282-8819,3528981109998334
Madel,Scamerdine,529-580-2253,5602219250856769
Teddi,Edser,938-278-1082,5588186837801253
Imogen,Mackley,814-640-0309,5508834044857447
Alric,Message,647-638-1488,4017952666244806
Maggie,Gilbert,296-408-7072,3557601884810025
Corliss,Witherdon,764-966-7225,633351244100351128
L;urette,Beneteau,307-690-4286,3569892165605657
Rusty,Dowglass,815-215-2357,5204930324553362
Roxine,Fruchter,502-520-9391,372301300946862
Gwenora,Hewes,831-938-9774,3572345763576254
Doy,Siddon,417-713-0890,3533944230840612
Gisella,Costard,222-956-5292,63041668913349083
Vitia,Ingman,937-384-2911,30002215135989
Francisco,Crawford,373-117-9410,4405707224418940
Saxe,Lisamore,284-485-6026,5100137938682067
Vanna,Godthaab,989-233-3594,3534394306978327
Stephani,Phebey,538-545-6545,3547025401941894
Florinda,Marchment,714-993-0141,6762671910323096328
Karolina,Sacchetti,423-942-3718,3563591138113098
Ado,Readie,874-405-2515,3588051832214081
Hermon,Aust,290-508-4146,3573888844120815
Aggy,Orviss,133-265-3502,6331108918190396
Hewe,De Biaggi,852-987-7564,3566095250920410
Wyn,Gallie,325-655-0993,3581865512496958
Elset,Merryweather,110-912-1294,6383251215101679
Pauli,Hurkett,791-979-8180,3568635586443179
Pattie,Burkett,807-955-0961,3537029366987316
Humbert,Hail,890-530-5981,3529196303247565
Justina,Orsay,303-311-3393,676320254064044996
Lotte,Moulton,855-743-7196,3545676194555697
Editha,Fawke,869-940-7435,3559011896610207
Faustina,Davitt,406-240-3325,3568319020539294
Elvera,Vurley,364-565-0456,201641263807263
Doti,Ansty,497-773-5759,4936743267799387137
Elston,McCaughen,279-519-0470,5610698499721650986
Rube,Cowx,824-381-4179,30067091280878
Wilton,Boam,140-871-8790,5100149136591073
Town,Cayet,338-636-6047,589333292179307924
Rowena,Tyson,428-140-1466,201806771134340
Corella,Antoniutti,288-786-9904,3577801550346280
Bronnie,Legh,452-209-2865,5602224213598607
Malinda,Hember,251-975-8495,6399654387507627
Jeremiah,Hatherleigh,437-727-5626,374283198916983
Anselma,Prop,704-657-2798,4903933701196405738
Frankie,Mitroshinov,269-109-3315,3528314252173101
Moreen,Helliker,727-474-7343,4405459565400521
Jean,Fossey,920-773-8947,3537731617808346
Louisa,Grooby,393-124-7888,3528204065592219
Yovonnda,Lilleycrop,971-107-0024,4041376452587196
Kayle,Crunkhorn,781-971-9591,3586484633308509
Flossi,Crammy,467-876-9287,3552525702071285
Traci,Jerosch,188-631-0035,3529648740774486
Aindrea,Cassells,907-701-0213,3547080727821189
Cyndia,Curston,440-561-2079,4803716880641248
Creight,Rottgers,867-550-4055,3540393057516098
Zaria,Monnery,508-382-6621,6376301631038838
Marget,Pedrocco,366-972-2417,4936582605462082689
Arlinda,Eunson,445-608-0415,5007665473729004
Zsazsa,Grishunin,759-113-0754,3544474209655368
Madelon,Petrina,345-736-5215,3570868965446994
Margy,Brocks,308-376-0668,201692847413813
Guillemette,Karlqvist,405-884-5695,3533622068235804
Otho,Speeding,911-643-8792,3543515749738238
Claudette,Bennion,380-762-8697,3584400539996025
Wyndham,Davydychev,537-663-5150,5610806158625179
Rip,Slane,662-851-8439,560222895971098619
Jeane,Sollowaye,296-765-3501,6376223013798088
Mary,Skone,766-918-2898,337941912275806
Almira,Botha,172-155-3468,337941319979539
Jenny,Sinkinson,929-508-1786,5516380235280916
Boot,MacKissack,338-887-5346,6762610200950867009
Allegra,Robroe,255-777-7569,3570508064608546
Arnaldo,Sheal,809-830-5887,5100178218383083
Karyn,Leban,938-887-7132,3560057116634151
Lemmy,Latey,650-194-3505,5100174159025700
Tabbi,Pusill,244-141-5403,375627491463557
Wilhelmine,Holleran,736-640-7122,374283376317293
Haywood,Lindenbluth,439-634-3926,372301493594263
Elfrieda,Legonidec,350-518-0914,3578432701230444
Vi,Grimsdith,325-776-8717,3576895533023132
Orella,Coats,330-928-9738,374283532134400
Teresita,Matejovsky,550-749-8152,3561195936960403
Benjie,Sherington,181-877-2010,676136538649269704
Rosamond,Bohlens,584-395-4369,5641829979265441972
Reba,McComas,848-486-6570,4041590534848
Moria,Jimes,365-582-5590,3580931167887791
Lorrie,Gallaway,930-736-7255,6304665266135839127
Chancey,Kemble,379-174-1903,201919875566448
Esdras,Jovicic,747-408-3192,3537278152431035
Devin,McAughtrie,228-500-7766,201722721739478
Townsend,Anten,251-474-1320,30294676767661
Nico,Beevors,491-332-8571,3534120761748305
Anestassia,Robertsen,527-906-5532,373483395618462
Allianora,Pellatt,581-548-0855,374283091002220
Arturo,St. Louis,154-583-3387,5100146299679067
Sonni,Smillie,750-705-6608,4041376098703
Jillian,Gornall,212-522-5149,3551844643386756
Galen,Boynes,581-245-4938,3559978617337643
Thoma,Goligly,254-444-9537,3535739544685622
Benedikta,Pack,253-914-2847,5100142957629098
Salomo,Edgar,624-220-2902,5578927785210076
Ashton,Zecchinii,927-513-0815,5610943546733157
Leroy,Hallgath,623-216-5195,3564967371291446
Ahmed,Chittenden,114-397-1063,3578795215906448
Sheela,Hyatt,286-373-4170,5007663146729360
Valdemar,Shuttleworth,443-396-8865,30582355297996
Benedetta,Sherborn,398-243-8481,3563731630524703
Wes,Merington,540-702-3450,3567951417115113
Conan,Kilvington,395-522-1573,3555052163579778
Tomi,Annis,880-722-7242,5602230223888276
Mira,Dislee,847-426-7919,5048375278373484
Dixie,Scotson,693-817-6666,5100175056793225
Vlad,Monsey,727-424-6557,374622835849018
Merilyn,Barnes,204-480-6069,3549718022145238
Tillie,Ilson,755-688-9193,060461342636186480
Frasquito,Muzzillo,919-506-9259,5155086493550751
Halimeda,Abramsky,375-834-4676,503857887321416528
Genia,Dudgeon,782-932-7870,3576535471196520
Kara-lynn,Shilladay,993-334-4462,4508500846898904
